{
  "p": 0.25,
  "q": 2.0,
  "gamma": 1.0,
  "init_id": "diag_pos",
  "x0": [
    0.9,
    0.7
  ],
  "solution": [
    0.7042374384536321,
    1.7711670685324234e-15
  ],
  "psi_initial": 2.765274004169102,
  "psi_final": 0.7981923314197428,
  "psi_decrease": 1.9670816727493594,
  "max_feasibility_residual_after_step0": 3.8217879664181886e-05,
  "num_iterations": 18
}