{
  "p": 0.5,
  "q": 3.0,
  "gamma": 0.5,
  "init_id": "rand_mixed",
  "x0": [
    -0.00690511382105464,
    0.45825707759222367
  ],
  "solution": [
    0.2131884964018232,
    0.004539980344036071
  ],
  "psi_initial": 0.3631808999676276,
  "psi_final": 0.43095857597709686,
  "psi_decrease": -0.06777767600946927,
  "max_feasibility_residual_after_step0": 0.06116645365532969,
  "num_iterations": 18
}