{
  "p": 0.25,
  "q": 2.0,
  "gamma": 1.5,
  "init_id": "rand_mixed",
  "x0": [
    -0.00690511382105464,
    0.45825707759222367
  ],
  "solution": [
    0.14996619609704415,
    -3.412506473622538e-182
  ],
  "psi_initial": 1.7668895035827366,
  "psi_final": 0.9555821066758527,
  "psi_decrease": 0.8113073969068838,
  "max_feasibility_residual_after_step0": 0.043437949160681055,
  "num_iterations": 18
}