{
  "p": 0.5,
  "q": 3.0,
  "gamma": 0.5,
  "init_id": "diag_pos",
  "x0": [
    0.9,
    0.7
  ],
  "solution": [
    0.6369328708212809,
    0.19715810531512715
  ],
  "psi_initial": 1.194351076214644,
  "psi_final": 0.9574350988138945,
  "psi_decrease": 0.23691597740074954,
  "max_feasibility_residual_after_step0": 0.005227841999273841,
  "num_iterations": 18
}