{
  "p": 1.0,
  "q": 3.0,
  "gamma": 1.5,
  "init_id": "rand_mixed",
  "x0": [
    -0.00690511382105464,
    0.45825707759222367
  ],
  "solution": [
    0.22852460292710997,
    -4.96315105134368e-08
  ],
  "psi_initial": 0.017934434101339682,
  "psi_final": -0.01378266293029208,
  "psi_decrease": 0.031717097031631766,
  "max_feasibility_residual_after_step0": 0.00041372442987042124,
  "num_iterations": 18
}