{
  "p": 1.0,
  "q": 2.0,
  "gamma": 1.0,
  "init_id": "axis_x1",
  "x0": [
    1.0,
    0.05
  ],
  "solution": [
    0.746915871975921,
    3.7015923489811254e-54
  ],
  "psi_initial": 0.04543064362189909,
  "psi_final": -0.004875530763360408,
  "psi_decrease": 0.05030617438525949,
  "max_feasibility_residual_after_step0": 3.832283449256568e-05,
  "num_iterations": 18
}