{
  "p": 0.5,
  "q": 2.0,
  "gamma": 0.5,
  "init_id": "rand_mixed",
  "x0": [
    -0.00690511382105464,
    0.45825707759222367
  ],
  "solution": [
    0.1498957460498342,
    1.2974159626267997e-05
  ],
  "psi_initial": 0.3432595327384795,
  "psi_final": 0.08927928887589134,
  "psi_decrease": 0.2539802438625881,
  "max_feasibility_residual_after_step0": 0.05480407721948061,
  "num_iterations": 18
}