{
  "p": 0.5,
  "q": 2.0,
  "gamma": 1.0,
  "init_id": "axis_x1",
  "x0": [
    1.0,
    0.05
  ],
  "solution": [
    0.7500386050115477,
    4.718354639711057e-110
  ],
  "psi_initial": 0.4823549693537132,
  "psi_final": 0.11202114978179387,
  "psi_decrease": 0.37033381957191935,
  "max_feasibility_residual_after_step0": 3.8605011547732104e-05,
  "num_iterations": 18
}