{
  "p": 0.5,
  "q": 2.0,
  "gamma": 1.0,
  "init_id": "rand_mixed",
  "x0": [
    -0.00690511382105464,
    0.45825707759222367
  ],
  "solution": [
    0.1499471802659499,
    9.219595411784187e-100
  ],
  "psi_initial": 0.3432595327384795,
  "psi_final": 0.07683207619366116,
  "psi_decrease": 0.2664274565448183,
  "max_feasibility_residual_after_step0": 0.035303059529080694,
  "num_iterations": 18
}