{
  "p": 0.5,
  "q": 3.0,
  "gamma": 1.5,
  "init_id": "rand_mixed",
  "x0": [
    -0.00690511382105464,
    0.45825707759222367
  ],
  "solution": [
    0.15521683825434354,
    -1.3216896035656262e-11
  ],
  "psi_initial": 0.3631808999676276,
  "psi_final": 0.1776192060072632,
  "psi_decrease": 0.1855616939603644,
  "max_feasibility_residual_after_step0": 0.024612162822577444,
  "num_iterations": 18
}