{
  "case_name": "identity_2d",
  "D": [
    [
      1.0,
      0.0
    ],
    [
      0.0,
      1.0
    ]
  ],
  "y": [
    0.45,
    0.05
  ],
  "x0": [
    0.9,
    0.7
  ],
  "xi": 0.3,
  "gamma": 1.0,
  "max_iter": 12,
  "params": {
    "alpha": 0.001,
    "beta": 0.05,
    "eta": 0.2,
    "p": 1.0,
    "q": 2.0
  },
  "final_x": [
    0.6877111295200453,
    0.04724819634944813
  ],
  "final_psi": 0.08696035494410741
}