{
  "p": 1.0,
  "q": 2.0,
  "gamma": 1.5,
  "init_id": "rand_mixed",
  "x0": [
    -0.00690511382105464,
    0.45825707759222367
  ],
  "solution": [
    0.14996363363289822,
    0.0
  ],
  "psi_initial": -0.001986933127808586,
  "psi_final": -0.16413420334745688,
  "psi_decrease": 0.16214727021964828,
  "max_feasibility_residual_after_step0": 9.246662554740492e-05,
  "num_iterations": 18
}