{
  "p": 0.25,
  "q": 3.0,
  "gamma": 1.5,
  "init_id": "rand_mixed",
  "x0": [
    -0.00690511382105464,
    0.45825707759222367
  ],
  "solution": [
    0.24599890144907854,
    7.755087849027068e-12
  ],
  "psi_initial": 1.7868108708118848,
  "psi_final": 1.0007443999560544,
  "psi_decrease": 0.7860664708558305,
  "max_feasibility_residual_after_step0": 0.04430114404897734,
  "num_iterations": 18
}