{
  "p": 0.25,
  "q": 3.0,
  "gamma": 1.0,
  "init_id": "rand_mixed",
  "x0": [
    -0.00690511382105464,
    0.45825707759222367
  ],
  "solution": [
    0.22975984895325446,
    1.2846178582619883e-97
  ],
  "psi_initial": 1.7868108708118848,
  "psi_final": 1.0115130820483271,
  "psi_decrease": 0.7752977887635577,
  "max_feasibility_residual_after_step0": 0.055388477471569275,
  "num_iterations": 18
}