{
  "p": 0.5,
  "q": 2.0,
  "gamma": 1.5,
  "init_id": "diag_pos",
  "x0": [
    0.9,
    0.7
  ],
  "solution": [
    0.6882011749761547,
    -5.9904140901893e-08
  ],
  "psi_initial": 1.0828236621576344,
  "psi_final": 0.1155353459666579,
  "psi_decrease": 0.9672883161909764,
  "max_feasibility_residual_after_step0": 2.5515604930193003e-05,
  "num_iterations": 18
}