{
  "p": 1.0,
  "q": 2.0,
  "gamma": 1.0,
  "init_id": "rand_mixed",
  "x0": [
    -0.00690511382105464,
    0.45825707759222367
  ],
  "solution": [
    0.1499455248986135,
    8.373057245354126e-32
  ],
  "psi_initial": -0.001986933127808586,
  "psi_final": -0.1641690082706015,
  "psi_decrease": 0.1621820751427929,
  "max_feasibility_residual_after_step0": 0.0009431375169537959,
  "num_iterations": 18
}