{
  "p": 0.25,
  "q": 3.0,
  "gamma": 1.5,
  "init_id": "axis_x1",
  "x0": [
    1.0,
    0.05
  ],
  "solution": [
    0.750051018296827,
    0.0
  ],
  "psi_initial": 2.000435729164138,
  "psi_final": 0.7959286859323843,
  "psi_decrease": 1.2045070432317537,
  "max_feasibility_residual_after_step0": 5.101829682696568e-05,
  "num_iterations": 18
}