{
  "p": 0.5,
  "q": 2.0,
  "gamma": 1.5,
  "init_id": "rand_mixed",
  "x0": [
    -0.00690511382105464,
    0.45825707759222367
  ],
  "solution": [
    0.14996481436928893,
    0.0
  ],
  "psi_initial": 0.3432595327384795,
  "psi_final": 0.07685389756575595,
  "psi_decrease": 0.26640563517272353,
  "max_feasibility_residual_after_step0": 0.02348271228809562,
  "num_iterations": 18
}