{
  "p": 0.25,
  "q": 2.0,
  "gamma": 0.5,
  "init_id": "axis_x1",
  "x0": [
    1.0,
    0.05
  ],
  "solution": [
    0.7500770310576825,
    2.7773235636289047e-07
  ],
  "psi_initial": 1.9945992583854288,
  "psi_final": 0.7897807364980948,
  "psi_decrease": 1.2048185218873342,
  "max_feasibility_residual_after_step0": 7.709643848874403e-05,
  "num_iterations": 18
}