{
  "p": 1.0,
  "q": 3.0,
  "gamma": 0.5,
  "init_id": "axis_x1",
  "x0": [
    1.0,
    0.05
  ],
  "solution": [
    0.7498429452452988,
    0.00012994915410277297
  ],
  "psi_initial": 0.05126711440060791,
  "psi_final": 0.0033739113851853275,
  "psi_decrease": 0.04789320301542258,
  "max_feasibility_residual_after_step0": 0.002490064002070358,
  "num_iterations": 18
}