{
  "p": 1.0,
  "q": 3.0,
  "gamma": 1.0,
  "init_id": "axis_x1",
  "x0": [
    1.0,
    0.05
  ],
  "solution": [
    0.749878116930077,
    8.78785259637695e-41
  ],
  "psi_initial": 0.05126711440060791,
  "psi_final": 0.003202166146588119,
  "psi_decrease": 0.048064948254019794,
  "max_feasibility_residual_after_step0": 7.635582293519239e-05,
  "num_iterations": 18
}