{
  "p": 0.5,
  "q": 3.0,
  "gamma": 1.5,
  "init_id": "axis_x1",
  "x0": [
    1.0,
    0.05
  ],
  "solution": [
    0.7500510791565081,
    0.0
  ],
  "psi_initial": 0.4881914401324219,
  "psi_final": 0.12004104893916182,
  "psi_decrease": 0.3681503911932601,
  "max_feasibility_residual_after_step0": 5.1079156508149204e-05,
  "num_iterations": 18
}