{
  "p": 0.25,
  "q": 2.0,
  "gamma": 0.5,
  "init_id": "diag_pos",
  "x0": [
    0.9,
    0.7
  ],
  "solution": [
    0.6612181361612743,
    0.13965960268712044
  ],
  "psi_initial": 2.765274004169102,
  "psi_final": 2.4781656635313323,
  "psi_decrease": 0.2871083406377699,
  "max_feasibility_residual_after_step0": 0.00010620782836118225,
  "num_iterations": 18
}