{
  "p": 1.0,
  "q": 3.0,
  "gamma": 1.0,
  "init_id": "rand_mixed",
  "x0": [
    -0.00690511382105464,
    0.45825707759222367
  ],
  "solution": [
    0.2328849041808343,
    0.020896544996046144
  ],
  "psi_initial": 0.017934434101339682,
  "psi_final": 0.07205417744556472,
  "psi_decrease": -0.054119743344225035,
  "max_feasibility_residual_after_step0": 0.002741349348357347,
  "num_iterations": 18
}