{
  "case_name": "nonidentity_2d",
  "D": [
    [
      1.0,
      2.0
    ],
    [
      0.0,
      1.0
    ]
  ],
  "y": [
    0.55,
    0.1
  ],
  "x0": [
    0.85,
    0.4
  ],
  "xi": 0.28,
  "gamma": 1.0,
  "max_iter": 12,
  "params": {
    "alpha": 0.001,
    "beta": 0.05,
    "eta": 0.2,
    "p": 1.0,
    "q": 2.0
  },
  "final_x": [
    0.6855295569866762,
    1.7763568394002505e-15
  ],
  "final_psi": 0.02819648998301573
}