{
  "p": 0.25,
  "q": 3.0,
  "gamma": 0.5,
  "init_id": "rand_mixed",
  "x0": [
    -0.00690511382105464,
    0.45825707759222367
  ],
  "solution": [
    0.22780719112319564,
    0.0007562071894479908
  ],
  "psi_initial": 1.7868108708118848,
  "psi_final": 1.5815795816511289,
  "psi_decrease": 0.20523128916075595,
  "max_feasibility_residual_after_step0": 0.07330465932324731,
  "num_iterations": 18
}