{
  "p": 1.0,
  "q": 2.0,
  "gamma": 0.5,
  "init_id": "diag_pos",
  "x0": [
    0.9,
    0.7
  ],
  "solution": [
    0.6300389217898021,
    0.19877633848047727
  ],
  "psi_initial": 0.3368624316584472,
  "psi_final": 0.21905494063780967,
  "psi_decrease": 0.11780749102063753,
  "max_feasibility_residual_after_step0": 0.00010635429127886509,
  "num_iterations": 18
}