{
  "p": 0.5,
  "q": 2.0,
  "gamma": 1.5,
  "init_id": "axis_x1",
  "x0": [
    1.0,
    0.05
  ],
  "solution": [
    0.7500257564049361,
    0.0
  ],
  "psi_initial": 0.4823549693537132,
  "psi_final": 0.11202185490315889,
  "psi_decrease": 0.3703331144505543,
  "max_feasibility_residual_after_step0": 2.5756404936072563e-05,
  "num_iterations": 18
}