{
  "p": 0.25,
  "q": 2.0,
  "gamma": 0.5,
  "init_id": "rand_mixed",
  "x0": [
    -0.00690511382105464,
    0.45825707759222367
  ],
  "solution": [
    0.21174286193069175,
    5.875293561641216e-06
  ],
  "psi_initial": 1.7668895035827366,
  "psi_final": 1.0473542163619032,
  "psi_decrease": 0.7195352872208334,
  "max_feasibility_residual_after_step0": 0.06725682509348402,
  "num_iterations": 18
}