{
  "p": 0.25,
  "q": 2.0,
  "gamma": 1.0,
  "init_id": "rand_mixed",
  "x0": [
    -0.00690511382105464,
    0.45825707759222367
  ],
  "solution": [
    0.15826139022841362,
    8.000824348835466e-122
  ],
  "psi_initial": 1.7668895035827366,
  "psi_final": 0.9582652165274109,
  "psi_decrease": 0.8086242870553256,
  "max_feasibility_residual_after_step0": 0.053317869485897174,
  "num_iterations": 18
}