{
  "p": 1.0,
  "q": 3.0,
  "gamma": 0.5,
  "init_id": "rand_mixed",
  "x0": [
    -0.00690511382105464,
    0.45825707759222367
  ],
  "solution": [
    0.21430339498043102,
    0.11998411792544002
  ],
  "psi_initial": 0.017934434101339682,
  "psi_final": 0.37200628929147034,
  "psi_decrease": -0.3540718551901307,
  "max_feasibility_residual_after_step0": 0.01873373027632158,
  "num_iterations": 18
}