{
  "p": 0.5,
  "q": 3.0,
  "gamma": 1.0,
  "init_id": "rand_mixed",
  "x0": [
    -0.00690511382105464,
    0.45825707759222367
  ],
  "solution": [
    0.18647257829287084,
    1.4062950278212198e-73
  ],
  "psi_initial": 0.3631808999676276,
  "psi_final": 0.18758138753698358,
  "psi_decrease": 0.175599512430644,
  "max_feasibility_residual_after_step0": 0.03764183793246434,
  "num_iterations": 18
}