{
  "p": 0.25,
  "q": 3.0,
  "gamma": 1.0,
  "init_id": "diag_pos",
  "x0": [
    0.9,
    0.7
  ],
  "solution": [
    0.6717164116497485,
    0.09566090008783676
  ],
  "psi_initial": 2.876801418226112,
  "psi_final": 2.3688684512122187,
  "psi_decrease": 0.5079329670138932,
  "max_feasibility_residual_after_step0": 0.00010288118412488112,
  "num_iterations": 18
}