{
  "p": 0.5,
  "q": 3.0,
  "gamma": 0.5,
  "init_id": "axis_x1",
  "x0": [
    1.0,
    0.05
  ],
  "solution": [
    0.7501532328307006,
    6.506600415161825e-07
  ],
  "psi_initial": 0.4881914401324219,
  "psi_final": 0.12033973404442196,
  "psi_decrease": 0.36785170608799994,
  "max_feasibility_residual_after_step0": 0.0024971115464049176,
  "num_iterations": 18
}