{
  "p": 1.0,
  "q": 2.0,
  "gamma": 0.5,
  "init_id": "rand_mixed",
  "x0": [
    -0.00690511382105464,
    0.45825707759222367
  ],
  "solution": [
    0.16226423884713004,
    0.02197242392734191
  ],
  "psi_initial": -0.001986933127808586,
  "psi_final": -0.024430055279578877,
  "psi_decrease": 0.02244312215177029,
  "max_feasibility_residual_after_step0": 0.009695939641565565,
  "num_iterations": 18
}