{
  "p": 1.0,
  "q": 3.0,
  "gamma": 1.5,
  "init_id": "diag_pos",
  "x0": [
    0.9,
    0.7
  ],
  "solution": [
    0.652823926622667,
    0.12193567101761414
  ],
  "psi_initial": 0.4483898457154568,
  "psi_final": 0.17175493576708084,
  "psi_decrease": 0.276634909948376,
  "max_feasibility_residual_after_step0": 5.0876173748770626e-05,
  "num_iterations": 18
}